{
    "resolution": {
        "width": 1280,
        "height": 720
    },
    "cameraIntrinsics": {
        "rows": 3,
        "cols": 3,
        "type": 6,
        "data": [
            1115.960097,
            0,
            621.1583999,
            0,
            1099.339444,
            221.2022142,
            0,
            0,
            1
        ]
    },
    "distCoeffs": {
        "rows": 1,
        "cols": 8,
        "type": 6,
        "data": [
            -0.007570095403,
            -0.06138095507,
            0.0006537614489,
            0.002574758672,
            0.09780463853,
            0.0008281362142,
            0.004033798068,
            -0.002905853214
        ]
    },
    "observations": [],
    "calobjectWarp": [],
    "calobjectSize": {
        "width": 0,
        "height": 0
    },
    "calobjectSpacing": 0
}