{
    "resolution": {
        "width": 1280,
        "height": 720
    },
    "cameraIntrinsics": {
        "rows": 3,
        "cols": 3,
        "type": 6,
        "data": [
            1607.876871,
            0,
            617.5176114,
            0,
            1609.381464,
            156.9240897,
            0,
            0,
            1
        ]
    },
    "distCoeffs": {
        "rows": 1,
        "cols": 8,
        "type": 6,
        "data": [
            0.1135045889,
            -0.1644318847,
            -0.0005143512829,
            -0.0047803534,
            0.0152739969,
            -0.003707877128,
            0.006970952375,
            -0.0007125320173
        ]
    },
    "observations": [],
    "calobjectWarp": [],
    "calobjectSize": {
        "width": 0,
        "height": 0
    },
    "calobjectSpacing": 0
}