{
    "resolution": {
        "width": 1280,
        "height": 720
    },
    "cameraIntrinsics": {
        "rows": 3,
        "cols": 3,
        "type": 6,
        "data": [
            1611.658039,
            0,
            611.9083163,
            0,
            1611.769346,
            227.2082558,
            0,
            0,
            1
        ]
    },
    "distCoeffs": {
        "rows": 1,
        "cols": 8,
        "type": 6,
        "data": [
            0.1125333407,
            -0.1382809983,
            8.072745186e-07,
            0.0009819481434,
            -0.108608721,
            -0.004307231755,
            0.006387187717,
            0.004373152981
        ]
    },
    "observations": [],
    "calobjectWarp": [],
    "calobjectSize": {
        "width": 0,
        "height": 0
    },
    "calobjectSpacing": 0
}