{
    "resolution": {
        "width": 1280,
        "height": 720
    },
    "cameraIntrinsics": {
        "rows": 3,
        "cols": 3,
        "type": 6,
        "data": [
            1626.986737,
            0,
            616.8287527,
            0,
            1605.79475,
            140.2252573,
            0,
            0,
            1
        ]
    },
    "distCoeffs": {
        "rows": 1,
        "cols": 8,
        "type": 6,
        "data": [
            0.124466051,
            -0.2048623015,
            -0.003409712896,
            -0.003932388375,
            0.1240029975,
            -0.003358117755,
            0.008166887388,
            -0.005183237817
        ]
    },
    "observations": [],
    "calobjectWarp": [],
    "calobjectSize": {
        "width": 0,
        "height": 0
    },
    "calobjectSpacing": 0
}