{
    "resolution": {
        "width": 1280,
        "height": 720
    },
    "cameraIntrinsics": {
        "rows": 3,
        "cols": 3,
        "type": 6,
        "data": [
            1640.83299,
            0,
            585.2031336,
            0,
            1619.861644,
            232.439026,
            0,
            0,
            1
        ]
    },
    "distCoeffs": {
        "rows": 1,
        "cols": 8,
        "type": 6,
        "data": [
            0.1053360038,
            -0.07355930427,
            -0.002907783146,
            -0.002058342897,
            -0.3078814248,
            -0.006270155707,
            0.003629200242,
            0.01266694192
        ]
    },
    "observations": [],
    "calobjectWarp": [],
    "calobjectSize": {
        "width": 0,
        "height": 0
    },
    "calobjectSpacing": 0
}