{
    "resolution": {
        "width": 1280,
        "height": 720
    },
    "cameraIntrinsics": {
        "rows": 3,
        "cols": 3,
        "type": 6,
        "data": [
            1117.152675,
            0,
            640.6424496,
            0,
            1100.181135,
            233.9746735,
            0,
            0,
            1
        ]
    },
    "distCoeffs": {
        "rows": 1,
        "cols": 8,
        "type": 6,
        "data": [
            -0.01477169949,
            -0.05305725384,
            0.001790699435,
            0.002176116123,
            0.0868792252,
            -0.002645377408,
            0.001263807666,
            -0.002846640779
        ]
    },
    "observations": [],
    "calobjectWarp": [],
    "calobjectSize": {
        "width": 0,
        "height": 0
    },
    "calobjectSpacing": 0
}