{
    "resolution": {
        "width": 1280,
        "height": 720
    },
    "cameraIntrinsics": {
        "rows": 3,
        "cols": 3,
        "type": 6,
        "data": [
            1117.182807,
            0,
            620.098266,
            0,
            1100.574057,
            220.2729297,
            0,
            0,
            1
        ]
    },
    "distCoeffs": {
        "rows": 1,
        "cols": 8,
        "type": 6,
        "data": [
            -0.006099863543,
            -0.06102148147,
            0.0003800583339,
            0.002333503789,
            0.09732445606,
            0.00156972394,
            0.004378974777,
            -0.002907427976
        ]
    },
    "observations": [],
    "calobjectWarp": [],
    "calobjectSize": {
        "width": 0,
        "height": 0
    },
    "calobjectSpacing": 0
}