{
    "resolution": {
        "width": 1280,
        "height": 720
    },
    "cameraIntrinsics": {
        "rows": 3,
        "cols": 3,
        "type": 6,
        "data": [
            1114.271378,
            0,
            606.2255916,
            0,
            1099.851545,
            526.3400745,
            0,
            0,
            1
        ]
    },
    "distCoeffs": {
        "rows": 1,
        "cols": 8,
        "type": 6,
        "data": [
            -0.05024722262,
            -0.08397557142,
            0.001066217368,
            -0.0002740344101,
            0.1228870061,
            -0.0357100088,
            -0.01498681327,
            -0.005308399326
        ]
    },
    "observations": [],
    "calobjectWarp": [],
    "calobjectSize": {
        "width": 0,
        "height": 0
    },
    "calobjectSpacing": 0
}