{
    "resolution": {
        "width": 1280,
        "height": 800
    },
    "cameraIntrinsics": {
        "rows": 3,
        "cols": 3,
        "type": 6,
        "data": [
            743.2208285149164,
            0,
            649.2151834437949,
            0,
            733.5236677310535,
            389.5531705500886,
            0,
            0,
            1
        ]
    },
    "distCoeffs": {
        "rows": 1,
        "cols": 5,
        "type": 6,
        "data": [
            0.147564784934461,
            -0.2387085923682538,
            -0.003488568866881113,
            0.004388926606981848,
            0.06538961544950046
        ] 

    },
    "observations": [],
    "calobjectWarp": [],
    "calobjectSize": {
        "width": 0,
        "height": 0
    },
    "calobjectSpacing": 0
}